<?xml version="1.0" encoding="utf-8" ?>
<metadata>
	<idinfo>
		<citation>
			<citeinfo>
				<origin>Instituto Nacional de Estadística y Geografía - INEGI.(ed.)</origin>
				<pubdate>20100630</pubdate>
<title>RED HIDROGRÁFICA ESCALA 1:50 000 Edición: 2.0, SUBCUENCA HIDROGRÁFICA RH20Aa R. ATOYAC - PASO DE LA REINA /CUENCA R. ATOYAC /R.H. COSTA CHICA - RÍO VERDE</title>
				<edition>2.0</edition>
				<geoform>Datos vectoriales digitales. </geoform>
				<pubinfo>
					<pubplace>Aguascalientes, Ags., México.</pubplace>
					<publish>Instituto Nacional de Estadística y Geografía - INEGI.</publish>
				</pubinfo>
				<onlink>http://www.inegi.org.mx/</onlink>
			</citeinfo>
		</citation>
		<descript>
			<abstract>La Red Hidrográfica escala 1:50 000 en su edición 2, ofrece un sistema de circulación lineal estructurado y 
             mejorado, que representa el comportamiento de drenaje superficial de una cuenca hidrográfica, en el cual se 
	     garantiza la continuidad de flujos a través de subcuencas, además de incluir indicadores de hidromorfometría como 
	     la magnitud de orden según clasificación de Strahler y el nivel de corriente entre otros, que aunado a la 
	     utilización de métodos y herramientas de redes geométricas en aplicaciones de sistemas de información geográfica, 
	     es  de gran utilidad para diversos estudios. Sus componentes vectoriales son: líneas de flujo, puntos de drenaje y 
	     el polígono de la subcuenca también digitalizado a la misma escala de la red, el cual se caracteriza por tener consistencia 
	     espacial con la Red Hidrográfica de acuerdo a los límites físico-naturales sobre la divisoria de cada unidad. Para su 
	     digitalización, se consideró como referencia la conformación de áreas en función del 
	     componente "División de Aguas Superficiales" de la "Carta Hidrológica escala 1:250 000 serie I",no 
	     obstante presenta cambios significativos debido al detalle de la información y de la interpretación de los 
	     escurrimientos superficiales.</abstract>
			<purpose>Proveer a los especialistas y público en general, de información de redes hidrográficas a mayor detalle en apoyo a los tomadores de decisiones para diversos proyectos relacionados con la administración del recurso hídrico, calidad del agua, prevención de desastres naturales entre otros orientados al desarrollo sustentable del país.</purpose>
			<supplinf>Las redes fueron elaboradas a partir de los rasgos hidrográficos contenidos en los
 conjuntos de datos topográficos escala 1:50 000, en específico corrientes y cuerpos de
 agua intermitentes y perennes, para lo cual fue necesario realizar la interpretación, análisis y edición
 de la conectividad de las líneas de flujo, así como desarrollar algoritmos para determinar la dirección de flujo para cada segmento e indicadores de hidromorfometría, entre otros para validación geométrica y topológica.
 Los conjuntos digitales que pertenecen a esta subcuenca
 y su correspondiente fecha de actualización o creación son: e14d65(2001-04-30), e14d85(2001-05-31), e14d75(2001-05-31), e14d84(2001-12-31), e14d74(2002-05-31), e14d86(2002-06-30), d14b14(2002-11-30), e14d76(2003-05-31), e14d64(2004-04-30). 
 Las fechas anteriormente mencionadas son las mismas detalladas(en el mismo orden) en la sección "Time_Period_Information" de este metadato.</supplinf>
		</descript>
		<timeperd>
			<timeinfo>
                <mdattim>
                    <sngdate>
                       <caldate>20010430</caldate>
                    </sngdate>
                    <sngdate>
                       <caldate>20010531</caldate>
                    </sngdate>
                    <sngdate>
                       <caldate>20010531</caldate>
                    </sngdate>
                    <sngdate>
                       <caldate>20011231</caldate>
                    </sngdate>
                    <sngdate>
                       <caldate>20020531</caldate>
                    </sngdate>
                    <sngdate>
                       <caldate>20020630</caldate>
                    </sngdate>
                    <sngdate>
                       <caldate>20021130</caldate>
                    </sngdate>
                    <sngdate>
                       <caldate>20030531</caldate>
                    </sngdate>
                    <sngdate>
                       <caldate>20040430</caldate>
                    </sngdate>
                </mdattim>
			</timeinfo>
			<current>ground condition</current>
		</timeperd>
		<status>
			<progress>Complete</progress>
			<update>Continuo y actualización en función de prioridades del área productora.</update>
		</status>
		<spdom>
			<bounding>
				<westbc>-97.2160891412797</westbc>
				<eastbc>-97.8880242722797</eastbc>
				<northbc>16.5282104271203</northbc>
				<southbc>15.9796359081203</southbc>
			</bounding>
		</spdom>
		<keywords>
			<theme>
				<themekt>Ninguno</themekt>
				<themekey>Afluente</themekey>
				<themekey>Agua</themekey>
				<themekey>Cauce</themekey>
				<themekey>Corriente de agua</themekey>
				<themekey>Cuenca</themekey>
				<themekey>Escurrimiento superficial</themekey>
				<themekey>Hidrografía</themekey>
				<themekey>Hidrología</themekey>
				<themekey>Línea de flujo</themekey>
				<themekey>Recurso hídrico</themekey>
				<themekey>Red geométrica</themekey>
				<themekey>Red hidrográfica</themekey>
				<themekey>Río</themekey>
				<themekey>Sistema de drenaje</themekey>
			</theme>
			<place>
				<placekt>Ninguno</placekt>
				<placekey>Cuenca hidrográfica</placekey>
			</place>
		</keywords>
		<accconst>Acceso al público a través de los centros de venta del Instituto Nacional de Estadística y Geografía - INEGI.
		</accconst>
		<useconst>Como insumo para otras aplicaciones o publicaciones sin la autorización
 respectiva u omisión de los créditos del autor.</useconst>
		<browse>
			<browsen>RH20Aa.jpg</browsen>
			<browsed>Imagen que incluye el polígono de subcuenca, de la Unidades de Captación de Aguas Superficiales escala 1:50 000 Edición 1.0 y la Red Hidrográfica escala 1:50 000 Edición 2.0.</browsed>
			<browset>JPEG</browset>
		</browse>
	</idinfo>
	<dataqual>
		<logic>La red hidrográfica fue elaborada a partir de los datos topográficos escala 1:50000 y por tanto las especificaciones técnicas se sustentan en gran parte en el diccionario de datos topográficos de la misma escala, además de especificaciones propias de la red que se mencionan en el documento técnico descriptivo. Una de las características de la red hidrográfica es la integridad de la conectividad entre rasgos y la segmentación en cada confluencia.  Además se cuenta con un rasgo puntual denominado "Punto de drenaje"  el cual se utiliza para indicar el lugar donde se drenan las aguas a otra subcuenca o al mar, o para indicar la acumulación de flujos como en lagos o lagunas, así como para aquellas corrientes de agua que desaparecen de la superficie debido a infiltración o evapotranspiración. Este rasgo puntual mantiene una relación lógica y espacial con  las líneas de flujo.</logic>
		<complete>Para la construcción de un sistema de drenaje lineal, fue necesario generar líneas centrales a los cuerpos de agua, además de considerar en algunos casos, la inclusión de canales sobre todo aquellos importantes que dan continuidad a los flujos de cauces naturales. Así mismo, es importante mencionar que una de las validaciones de la red, fue la de verificar su integridad con medios y métodos de redes geométricas.</complete>
		<lineage>
			<procstep>
				<procdesc>
1.- Investigación y  análisis del proyecto: de acuerdo a la magnitud del proyecto, se estableció dividirlo en diferentes etapas, siendo la prioritaria el determinar el sistema lineal para lo cual fue necesario realizar la conectividad de las líneas de flujo
, 2.- Desarrollo conceptual y metodológico: se elaboró la documentación metodológica fundamental para el sustento del proyecto y la capacitación del personal involucrado
, 3.- Análisis, diseño y desarrollo de herramientas geomáticas para edición: a efecto de obtener resultados a corto plazo y en una forma controlada, se automatizaron diversos procesos además de generar medios cliente-servidor para transferencias de insumos,  entre otras  herramientas para la edición controlada e informes automáticos de avance y productividad, así como registrar observaciones tanto de los analistas como de los supervisores
, 4.- Análisis, diseño y desarrollo del sistema de control y seguimiento de actividades: de forma paralela se diseñó una base de datos para registrar asignaciones de carga de trabajo, así como indicadores de productividad y calidad,  además de diseñar y desarrollar una página web para reportar en tiempo real los avances
, 5.- Integración y organización de los insumos: consistente en bajar los datos topográficos de la base de datos y organizarlos de forma automatizada en un servidor
, 6.- Procesamiento de insumos: consistente en aplicar un recorte de los datos topográficos a un área irregular que es la unidad más desagregada de la División Hidrológica de Aguas Superficiales escala 1:250 000 serie I, que es la subcuenca, con un buffer excedente de 3 Km, además de aplicar un proceso de limpieza topológica
, 7.- Asignación de cargas de trabajo: de acuerdo a disponibilidad de los datos topográficos se hizo la asignación a los analistas-editores de forma progresiva
, 8.- Análisis y edición de la conectividad: actividad de interpretación del comportamiento hidrológico en función de diversos insumos como altimetría, imágenes satelitales, ortofotos, permeabilidad de suelos y rocas, corrientes y cuerpos de agua, canales, entre otros insumos, además con la ayuda de diversas herramientas desarrolladas, generar líneas centrales de cuerpos de agua, aplicar un diagnóstico de conectividad para detectar las desconexiones y de forma simultánea determinar  las direcciones de flujo, conectar los rasgos, entre otros
, 9.- Supervisión de los trabajos de edición: actividad consistente en revisar cada una de las líneas nuevas generadas para la conexión de rasgos y retroalimentar al analista-editor sobre criterios considerados, además de revisar la integridad de la red, direcciones de flujo, entre otros aspectos
, 10.- Atención de observaciones del supervisor: el analista-editor lee y atiende las observaciones del supervisor
, 11.- Revisión y liberación de redes por parte del supervisor: por segunda ocasión el supervisor revisa que el analista-editor hubiese atendido sus observaciones y libera la red hidrográfica del trabajo de edición
, 12.- Control y seguimiento de los avances: de forma permanente a lo largo del proyecto, se monitorearon los avances, e indicadores de productividad y de calidad, se dio acceso al sistema a todos los directores y subdirectores en oficinas centrales, regionales y estatales involucrados en el proyecto para que monitorearan sus avances, además de informar quincenalmente vía correo electrónico con información más detallada
, 13.- Carga de redes en una base de datos espacial: una vez liberadas las redes, se procedió a subirlas a una base de datos en la cual se aplicaron otras validaciones y se les generó un identificador único a cada línea de flujo
, 14.- Generación de archivos entregables y de metadatos para su entrega al área de Base de Datos
				</procdesc>
				<procdate>20091215</procdate>
			</procstep>
		</lineage>
	</dataqual>
	<spdoinfo>
		<direct>Vector</direct>
	</spdoinfo>
	<spref>
		<horizsys>
			<geodetic>
				<horizdn>International Terrestrial Reference Frame of 1992, época 1988.0, en el GRS80</horizdn>
				<ellips>Geodetic Reference System 80</ellips>
				<semiaxis>6378137.0</semiaxis>
				<denflat>298.2572221</denflat>
			</geodetic>
		</horizsys>
	</spref>
	<distinfo>
		<distrib>
			<cntinfo>
				<cntorgp>
					<cntorg>Instituto Nacional de Estadística y Geografía - INEGI.</cntorg>
					<cntper>Ing. Isidoro Jorge Luis Sosa.</cntper>
				</cntorgp>
				<cntpos>Responsable del Centro de Ventas.</cntpos>
				<cntaddr>
					<addrtype>mailing and physical address</addrtype>
					<address>Avenida Héroe de Nacozari #2301 Sur. Fraccionamiento Jardines del Parque.</address>
					<city>Aguascalientes.</city>
					<state>Ags.</state>
					<postal>20276.</postal>
					<country>México.</country>
				</cntaddr>
				<cntvoice>(52) (449) 918 19 48 y 910 53 00. Extensiones 5031, 5111 y 5208. Lada 01 800 463 44 01.</cntvoice>
				<cntfax>(52) (449) 918 22 32.</cntfax>
				<cntemail>ventassede@inegi.org.mx</cntemail>
				<hours>De 8:30 a 21:00.</hours>
				<cntinst>
					Favor de referirse a la información que está contenida en
					esta misma sección de los metadatos.
					Nota - si requiere factura sólo se podrá expedir de las ocho
					treinta hasta la dieciseis treinta horas.
				</cntinst>
			</cntinfo>
		</distrib>
		<resdesc>RED HIDROGRÁFICA ESCALA 1:50 000 Edición: 2.0, SUBCUENCA HIDROGRÁFICA RH20Aa R. ATOYAC - PASO DE LA REINA /CUENCA R. ATOYAC /R.H. COSTA CHICA - RÍO VERDE</resdesc>
		<distliab>
			El Instituto Nacional de Estadística y Geografía 
			- INEGI no se hace responsable por el uso que
			usted le de a los datos.
		</distliab>
	</distinfo>
	<metainfo>
		<metd>20100315</metd>
		<metrd>20100615</metrd>
		<metc>
			<cntinfo>
				<cntorgp>
					<cntorg>Instituto Nacional de Estadística y Geografía - INEGI.</cntorg>
					<cntper>Administrador de Metadatos.</cntper>
				</cntorgp>
				<cntpos>Administración de Metadatos.</cntpos>
				<cntaddr>
					<addrtype>mailing and physical address</addrtype>
					<address>Avenida Héroe de Nacozari #2301 Sur. Fraccionamiento Jardines del Parque.</address>
					<city>Aguascalientes.</city>
					<state>Aguascalientes.</state>
					<postal>20276</postal>
					<country>Mexico</country>
				</cntaddr>
				<cntvoice>(52) (449) 910 53 00. Extensiones 5631, 1750 y 5147.</cntvoice>
				<cntfax>(52) (449) 442 41 45</cntfax>
				<cntemail>rafael.arrioja@inegi.org.mx</cntemail>
				<hours>De 8:30 a 16:30</hours>
				<cntinst>Favor de referirse a la información que está contenida en esta misma sección de los metadatos.</cntinst>
			</cntinfo>
		</metc>
		<metstdn>FGDC Content Standards for Digital Geospatial Metadata</metstdn>
		<metstdv>FGDC-STD-001-1998</metstdv>
	</metainfo>
</metadata>