<?xml version="1.0" encoding="UTF-8"?><metadata xmlns:xsi="http://www.w3.org/2001/XMLSchema-instance" xsi:noNamespaceSchemaLocation="http://www.conabio.gob.mx/informacion/gis/schemas/fgdc/fgdc-std-001-1998.xsd"><idinfo><citation><citeinfo><origin>CONABIO, (2004). &apos;Regiones terrestres prioritarias de M&#x00E9;xico (2004)&apos;, escala: 1:1000000. Comisi&#x00F3;n Nacional para el Conocimento y Uso de la Biodiversidad. M&#x00E9;xico. </origin><pubdate>20010511</pubdate><title>Regiones terrestres prioritarias de M&#x00E9;xico (2004)</title><geoform>Shapefile. Formato vectorial compuesto por 4 archivos (shp, shx, dbf,prj)</geoform><othercit>1000000</othercit><onlink>http://geoportal.conabio.gob.mx/metadatos/doc/html/rtp1mgw.html</onlink></citeinfo></citation><descript><abstract>Este mapa tiene como objetivo representar a trav&#x00E9;s de las regiones (un total de 152); unidades estables desde el punto de vista ambiental en la parte continental del territorio nacional, en donde se destaque la presencia de una riqueza ecosist&#x00E9;mica as&#x00ED; como una integridad biol&#x00F3;gica significativa. El mapa se encuentra a escala 1:1000000. Las regiones cubren un total de 515,558 km2 de superficie.</abstract><purpose>No conocido</purpose><supplinf>Este mapa es el resultado de dos talleres organizados por la Conabio. Los criterios para definir las regiones fueron: de car&#x00E1;cter biol&#x00F3;gico, la presencia de especies amenazadas y su conservaci&#x00F3;n. Para delimitar las &#x00E1;reas se parti&#x00F3; de informaci&#x00F3;n cartortogr&#x00E1;fica: topograf&#x00ED;a (escala 1:250000), divisoria de aguas, sustrato y vegetaci&#x00F3;n (escala 1:1000000). Asimismo se tom&#x00F3; en cuenta regionalizaciones ya establecidas como las del Sinap (&#x00E1;reas naturales protegidas), la Semarnat (regionalizaci&#x00F3;n ecol&#x00F3;gica) y la CNA (regionalizaci&#x00F3;n hidrol&#x00F3;gica). Dado el car&#x00E1;cter no exhaustivo de esta regionalizaci&#x00F3;n (RTP) y de acuerdo con el llamado a la comunidad cient&#x00ED;fica, indicado en la p&#x00E1;gina Web de la Conabio, el Instituto Coahuilense de Ecolog&#x00ED;a env&#x00ED;o como propuesta una nueva regi&#x00F3;n terrestre prioritaria (Cuenca del r&#x00ED;o Sabina), que cumpli&#x00F3; con los requisitos indicados en la secci&#x00F3;n http://www.conabio.gob.mx/conocimiento/regionalizacion/doctos/Tllamado.html y que fue incorporada con el n&#x00FA;mero 152. El pol&#x00ED;gono de la misma fue incluido en esta cobertura. Referencias en la web: http://www.conabio.gob.mx/conocimiento/regionalizacion/doctos/terrestres.html</supplinf></descript><timeperd><timeinfo><sngdate><caldate>00000000</caldate></sngdate></timeinfo><current>No conocido</current></timeperd><status><progress>Complete</progress><update>No planeado</update></status><spdom><bounding><westbc>-117.010094146782</westbc><eastbc>-86.7872459702311</eastbc><northbc>32.5926036306914</northbc><southbc>14.800670443741</southbc></bounding></spdom><keywords><theme><themekt>CNB.ACCESO</themekt><themekey>publico</themekey></theme><theme><themekt>CNB.LICENCIA</themekt><themekey>CC_BY_NC_2.5_MX</themekey></theme><theme><themekt>CNB.VISIBILIDAD</themekt><themekey>0</themekey><themekey>10</themekey></theme><theme><themekt>ESTRUCTURA</themekt><themekey>biodiv</themekey><themekey>bprioriza</themekey><themekey>rtp1mgw</themekey></theme><theme><themekt>CNB.ESCALA</themekt><themekey>1000000</themekey></theme><theme><themekt>CONABIO</themekt><themekey>Biogeograf&#x00ED;a</themekey><themekey>Regionalizaci&#x00F3;n</themekey><themekey>Regiones Terrestres Prioritarias</themekey></theme><place><placekt>CONABIO</placekt><placekey>M&#x00E9;xico</placekey><placekey>Nacional</placekey><placekey>Rep&#x00FA;blica Mexicana</placekey></place></keywords><accconst>Sin Restricciones</accconst><useconst>No se permite utilizar estos datos con fines lucrativos y se debe citar la fuente del mapa y a CONABIO. Ver la licencia completa en http://creativecommons.org/licenses/by-nc/2.5/mx/</useconst><browse><browsen>http://www.conabio.gob.mx/informacion/gis/layouts/rtp1mgw.png</browsen><browsed>Mapa ilustrativo de Regiones terrestres prioritarias de M&#x00E9;xico (2004). La proyecci&#x00F3;n citada, es exclusiva para el dise&#x00F1;o de esta imagen.</browsed><browset>png</browset></browse><native>SIG ARC-INFO, versi&#x00F3;n 9.2, UNIX</native></idinfo><dataqual><logic>Gabinete</logic><complete>No conocido</complete><lineage><srcinfo><srccite><citeinfo><origin>No conocido</origin><pubdate>00000000</pubdate><title>No conocido</title><geoform>No conocido</geoform></citeinfo></srccite><srcscale>9999999</srcscale><typesrc>Impreso</typesrc><srctime><timeinfo><sngdate><caldate>00000000</caldate></sngdate></timeinfo><srccurr>No conocido</srccurr></srctime><srccitea>No conocido</srccitea><srccontr>CONABIO, (2000/01/01), &apos;Regiones terrestres Prioritarias&apos;, versi&#x00F3;n: 1, Comisi&#x00F3;n Nacional para el Conocimento y Uso de la Biodiversidad, M&#x00E9;xico, D.F.. Distintos temas proporcionados por la Subdirecci&#x00F3;n de Sistemas de Informaci&#x00F3;n Geogr&#x00E1;fica de la CONABIO, </srccontr></srcinfo><srcinfo><srccite><citeinfo><origin>No conocido</origin><pubdate>00000000</pubdate><title>No conocido</title><geoform>No conocido</geoform></citeinfo></srccite><srcscale>250000</srcscale><typesrc>Digital</typesrc><srctime><timeinfo><sngdate><caldate>00000000</caldate></sngdate></timeinfo><srccurr>No conocido</srccurr></srctime><srccitea>No conocido</srccitea><srccontr>Escala 1:250000.  Distintos temas proporcionados por la Subdirecci&#x00F3;n de Sistemas de Informaci&#x00F3;n Geogr&#x00E1;fica de la CONABIO, </srccontr></srcinfo><procstep><procdesc>Los criterios para definir las regiones fueron: de car&#x00E1;cter biol&#x00F3;gico, la presencia de especies amenazadas y su conservaci&#x00F3;n. Para delimitar las &#x00E1;reas se parti&#x00F3; de informaci&#x00F3;n cartogr&#x00E1;fica: topograf&#x00ED;a (escala 1:250000), divisoria de aguas, sustrato y vegetaci&#x00F3;n (escala 1:1000000). Asimismo se tomo en cuenta regionalizaciones ya establecidas como las de el SINAP del INE y las cuencas del CNA.</procdesc><procdate>00000000</procdate></procstep></lineage></dataqual><spdoinfo><direct>Vector</direct><ptvctinf><sdtsterm ><sdtstype>G-polygon</sdtstype><ptvctcnt>152</ptvctcnt></sdtsterm></ptvctinf></spdoinfo><spref><horizsys><geograph><latres>0.0174532925199433</latres><longres>0.0174532925199433</longres><geogunit>Decimal degrees</geogunit></geograph><geodetic><horizdn>WGS84</horizdn><ellips>WGS84</ellips><semiaxis>6378137.000000</semiaxis><denflat>298.257224</denflat></geodetic></horizsys></spref><eainfo><detailed><enttyp><enttypl>RTP1MGW.DBF</enttypl><enttypd>Regiones terrestres prioritarias a escala 1:1000000</enttypd><enttypds>No conocido</enttypds></enttyp><attr><attrlabl>Perimeter</attrlabl><attrdef>Num&#x00E9;rico</attrdef><attrdefs>Calculado por Arc-Info</attrdefs><attrdomv><udom>Representa el per&#x00ED;metro de los poligonos.</udom></attrdomv><attrvai><attrva>1</attrva><attrvae>Grados decimales</attrvae></attrvai></attr><attr><attrlabl>Clave</attrlabl><attrdef>Car&#x00E1;cter</attrdef><attrdefs>Datos de proyecto</attrdefs><attrdomv><udom>Identificador &#x00FA;nico de cada regi&#x00F3;n.</udom></attrdomv></attr><attr><attrlabl>Nombre</attrlabl><attrdef>Car&#x00E1;cter</attrdef><attrdefs>Datos del proyecto.</attrdefs><attrdomv><udom>Se describe el nombre de la regi&#x00F3;n.</udom></attrdomv></attr><attr><attrlabl>Area</attrlabl><attrdef>Num&#x00E9;rico</attrdef><attrdefs>Calculada por Arc-Info</attrdefs><attrdomv><udom>Representa el &#x00E1;rea de los pol&#x00ED;gonos.</udom></attrdomv><attrvai><attrva>1</attrva><attrvae>Grados decimales al cuadrado</attrvae></attrvai></attr></detailed></eainfo><distinfo><distrib><cntinfo><cntorgp><cntorg>Comisi&#x00F3;n Nacional para el Conocimiento y Uso de la Biodiversidad (CONABIO)</cntorg><cntper>Subdirecci&#x00F3;n de Gesti&#x00F3;n de Sistemas Geoespaciales</cntper></cntorgp><cntpos>Subdirecci&#x00F3;n de Gesti&#x00F3;n de Sistemas Geoespaciales</cntpos><cntaddr><addrtype>mailing and physical address</addrtype><address>Liga Perif&#x00E9;rico Insurgentes Sur Num. 4903 1er piso. Col. Parques del Pedregal. Delg. Tlalpan</address><city>Ciudad de M&#x00E9;xico</city><state>Ciudad de M&#x00E9;xico</state><postal>14010</postal><country>M&#x00E9;xico</country></cntaddr><cntvoice>01 55 5004 5012</cntvoice><cntfax>01 55 5004 4931</cntfax><cntemail>ssig@conabio.gob.mx</cntemail><hours>Lunes a Viernes de 8 a 18 hrs.</hours></cntinfo></distrib><resdesc>rtp1mgw</resdesc><distliab>La Subdirecci&#x00F3;n de Gesti&#x00F3;n de Sistemas Geoespaciales de la CONABIO solo se hace responsable de la informaci&#x00F3;n presentada en el mapa y se deslinda del uso que se le de a la misma.</distliab><stdorder><digform><digtinfo><formname>ESRI Shapefile (SHP)</formname><formverd>199807</formverd><filedec>compactado en ZIP</filedec><transize>2.69</transize></digtinfo><digtopt><onlinopt><computer><networka><networkr> http://www.conabio.gob.mx/informacion/gis/maps/geo/rtp1mgw.zip</networkr></networka></computer><accinstr>Coordenadas geogr&#x00E1;ficas WGS84. (EPSG:4326). Formato vectorial de almacenamiento de elementos geogr&#x00E1;ficos y sus atributos asociados. </accinstr></onlinopt><onlinopt><computer><networka><networkr> http://www.conabio.gob.mx/informacion/gis/maps/ccl/rtp1mgw_c.zip</networkr></networka></computer><accinstr>Proyecci&#x00F3;n C&#x00F3;nica Conforme de Lambert WGS84. (EPSG:48402). Formato vectorial de almacenamiento de elementos geogr&#x00E1;ficos y sus atributos asociados. </accinstr></onlinopt></digtopt></digform><digform><digtinfo><formname>Google Earth (KML)</formname><formvern>2.2</formvern><filedec>compactado como KMZ</filedec></digtinfo><digtopt><onlinopt><computer><networka><networkr> http://www.conabio.gob.mx/informacion/gis/maps/kmz/rtp1mgw.kmz</networkr></networka></computer><accinstr>Coordenadas geogr&#x00E1;ficas WGS84. (EPSG:4326). Los archivos KML representan datos geogr&#x00E1;ficos para Google Earth, a menudo suelen distribuirse comprimidos como KMZ.</accinstr></onlinopt></digtopt></digform><digform><digtinfo><formname>CNB.GEO.TMS</formname><formvern>1.0.0</formvern><formspec>PNG</formspec></digtinfo><digtopt><onlinopt><computer><networka><networkr>http://wms0.conabio.gob.mx/rtp1mgw.py/</networkr><networkr>http://wms1.conabio.gob.mx/rtp1mgw.py/</networkr><networkr>http://wms2.conabio.gob.mx/rtp1mgw.py/</networkr></networka></computer></onlinopt></digtopt></digform><digform><digtinfo><formname>Servicio de im&#x00E1;genes (WMS)</formname><formvern>1.1.1</formvern></digtinfo><digtopt><onlinopt><computer><networka><networkr>http://www.conabio.gob.mx/informacion/explorer/wms?Format=image/png&amp;request=GetMap&amp;version=1.1.1&amp;width=800&amp;height=424&amp;srs=EPSG:4326&amp;bbox=-120.0,13.8,-85.1,33.5&amp;layers=rtp1mgw</networkr></networka></computer><accinstr>Coordenadas geogr&#x00E1;ficas WGS84. (EPSG:4326). Servicio Web Map Service. Los mapas de datos referenciados espacialmente producidos se generan normalmente en un formato de imagen como PNG, GIF o JPEG, pueden se vistos en un SIG </accinstr></onlinopt></digtopt></digform><digform><digtinfo><formname>Mapa digital interactivo</formname><formvern>1.0</formvern></digtinfo><digtopt><onlinopt><computer><networka><networkr>http://www.conabio.gob.mx/informacion/gis/?vns=gis_root/biodiv/bprioriza/rtp1mgw</networkr></networka></computer><accinstr>Coordenadas geogr&#x00E1;ficas WGS84. (EPSG:4326)</accinstr></onlinopt></digtopt></digform><fees>Acceso libre sin ning&#x00FA;n cargo al p&#x00FA;blico en general.</fees></stdorder><techpreq>Arc-info, Arcview o sistemas compatibles, en caso que existan se pueden visualizar en Google Earth KML y/o conexi&#x00F3;n al servicio WMS.</techpreq></distinfo><metainfo><metd>20080205</metd><metc><cntinfo><cntorgp><cntorg>Comisi&#x00F3;n Nacional para el Conocimiento y Uso de la Biodiversidad (CONABIO)</cntorg><cntper>Subdirecci&#x00F3;n de Gesti&#x00F3;n de Sistemas Geoespaciales</cntper></cntorgp><cntpos>Administrador de Metadatos</cntpos><cntaddr><addrtype>mailing and physical address</addrtype><address>Liga Perif&#x00E9;rico Insurgentes Sur Num. 4903 1er piso. Col. Parques del Pedregal. Delg. Tlalpan</address><city>Ciudad de M&#x00E9;xico</city><state>Ciudad de M&#x00E9;xico</state><postal>14010</postal><country>M&#x00E9;xico</country></cntaddr><cntvoice>01 55 5004 5012</cntvoice><cntfax>01 55 5004 4931</cntfax><cntemail>ssig@conabio.gob.mx</cntemail><hours>Lunes a Viernes de 8 a 18 hrs.</hours></cntinfo></metc><metstdn>FGDC Content Standards for Digital Geospatial Metadata, 1998</metstdn><metstdv>FGDC-STD-001-1998 version 2.0</metstdv></metainfo></metadata>